"mission","fiscal_year","cost_type","cost_group","cost_MUSD"
"Cassini","1990","Spacecraft","Development/Implementation",29.5
"Cassini","1991","Launch Support","Launch Vehicle(s) & Support",2.4
"Cassini","1991","Spacecraft","Development/Implementation",143
"Cassini","1992","Launch Support","Launch Vehicle(s) & Support",20.1
"Cassini","1992","Spacecraft","Development/Implementation",210.7
"Cassini","1993","Launch Support","Launch Vehicle(s) & Support",16.2
"Cassini","1993","Spacecraft","Development/Implementation",204.953
"Cassini","1994","Data Analysis","Operations & Data Analysis",0.6
"Cassini","1994","Launch Support","Launch Vehicle(s) & Support",86.4
"Cassini","1994","Spacecraft","Development/Implementation",266.6
"Cassini","1995","Data Analysis","Operations & Data Analysis",3.2
"Cassini","1995","Launch Support","Launch Vehicle(s) & Support",81
"Cassini","1995","Spacecraft","Development/Implementation",255
"Cassini","1996","Data Analysis","Operations & Data Analysis",1.8
"Cassini","1996","Launch Support","Launch Vehicle(s) & Support",88.2
"Cassini","1996","Spacecraft","Development/Implementation",191.5
"Cassini","1997","Data Analysis","Operations & Data Analysis",3
"Cassini","1997","Launch Support","Launch Vehicle(s) & Support",92.7
"Cassini","1997","Operations","Operations & Data Analysis",15
"Cassini","1997","Spacecraft","Development/Implementation",74.6
"Cassini","1998","Data Analysis","Operations & Data Analysis",4.7
"Cassini","1998","Launch Support","Launch Vehicle(s) & Support",17.1
"Cassini","1998","Operations","Operations & Data Analysis",38.1
"Cassini","1999","Data Analysis","Operations & Data Analysis",8.8
"Cassini","1999","Operations","Operations & Data Analysis",55.8
"Cassini","2000","Data Analysis","Operations & Data Analysis",6.2
"Cassini","2000","Operations","Operations & Data Analysis",55
"Cassini","2001","Data Analysis","Operations & Data Analysis",4.5
"Cassini","2001","Operations","Operations & Data Analysis",53.6
"Cassini","2002","Data Analysis","Operations & Data Analysis",5
"Cassini","2002","Operations","Operations & Data Analysis",60.8
"Cassini","2003","Data Analysis","Operations & Data Analysis",5
"Cassini","2003","Operations","Operations & Data Analysis",70.7
"Cassini","2004","Operations","Operations & Data Analysis",81.21428571
"Cassini","2005","Operations","Operations & Data Analysis",81
"Cassini","2006","Operations","Operations & Data Analysis",81.25
"Cassini","2007","Operations","Operations & Data Analysis",81.25
"Cassini","2008","Operations","Operations & Data Analysis",81.25
"Cassini","2009","Operations","Operations & Data Analysis",81.25
"Cassini","2010","Operations","Operations & Data Analysis",81.25
"Cassini","2011","Operations","Operations & Data Analysis",65.8
"Cassini","2012","Operations","Operations & Data Analysis",60.3
"Cassini","2013","Operations","Operations & Data Analysis",57.9
"Cassini","2014","Operations","Operations & Data Analysis",51.6
"Cassini","2015","Operations","Operations & Data Analysis",68.1
"Cassini","2016","Operations","Operations & Data Analysis",58.8
"Cassini","2017","Operations","Operations & Data Analysis",54.1
"Cassini","2018","Operations","Operations & Data Analysis",19.2
"Cassini","2019","Operations","Operations & Data Analysis",3.9
"CONTOUR","1998","Formulation","Formulation",0.4
"CONTOUR","1999","Formulation","Formulation",8.8
"CONTOUR","2000","Development","Development/Implementation",35.2
"CONTOUR","2000","Launch Support","Launch Vehicle(s) & Support",16.9
"CONTOUR","2001","Development","Development/Implementation",41.6
"CONTOUR","2001","Launch Support","Launch Vehicle(s) & Support",20.6
"CONTOUR","2002","Development","Development/Implementation",10.8
"CONTOUR","2002","Launch Support","Launch Vehicle(s) & Support",8.9
"DART","2016","Formulation","Formulation",6.4
"DART","2017","Formulation","Formulation",16.1
"DART","2018","Formulation","Formulation",18.1
"DART","2018","Implementation (incl LV)","Development/Implementation (incl LV)",22.9
"DART","2019","Implementation (incl LV)","Development/Implementation (incl LV)",98
"DART","2020","Implementation (incl LV)","Development/Implementation (incl LV)",72.4
"DART","2021","Implementation (incl LV)","Development/Implementation (incl LV)",74.1
"DART","2021","Operations","Operations & Data Analysis",1.4
"DART","2022","Operations","Operations & Data Analysis",11.1
"DART","2023","Operations","Operations & Data Analysis",4.5
"DAVINCI","2021","Formulation","Formulation",3.5
"DAVINCI","2022","Formulation","Formulation",13.5
"DAVINCI","2023","Formulation","Formulation",22.8
"DAVINCI","2024","Formulation","Formulation",56.7
"DAVINCI","2025","Formulation","Formulation",163.3
"DAVINCI","2026","Implementation (incl LV)","Development/Implementation (incl LV)",105.5
"DAVINCI","2027","Implementation (incl LV)","Development/Implementation (incl LV)",177.5
"Dawn","2002","Development (incl LV)","Development/Implementation (incl LV)",1
"Dawn","2003","Development (incl LV)","Development/Implementation (incl LV)",36.3
"Dawn","2004","Development (incl LV)","Development/Implementation (incl LV)",126.5
"Dawn","2005","Development (incl LV)","Development/Implementation (incl LV)",85.9
"Dawn","2006","Development (incl LV)","Development/Implementation (incl LV)",59.6
"Dawn","2007","Development (incl LV)","Development/Implementation (incl LV)",63.7
"Dawn","2008","Operations","Operations & Data Analysis",7.8
"Dawn","2009","Operations","Operations & Data Analysis",7.6
"Dawn","2010","Operations","Operations & Data Analysis",8.1
"Dawn","2011","Operations","Operations & Data Analysis",14.8
"Dawn","2012","Operations","Operations & Data Analysis",14.3
"Dawn","2013","Operations","Operations & Data Analysis",23.3
"Dawn","2014","Operations","Operations & Data Analysis",1.5
"Dawn","2015","Operations","Operations & Data Analysis",17.2
"Dawn","2016","Operations","Operations & Data Analysis",22.2
"Dawn","2017","Operations","Operations & Data Analysis",1
"Dawn","2018","Operations","Operations & Data Analysis",11.1
"Dawn","2019","Operations","Operations & Data Analysis",0.2
"Deep Impact","1999","Formulation","Formulation",1.5
"Deep Impact","2000","Formulation","Formulation",22.7
"Deep Impact","2000","Launch Services","Launch Vehicle(s) & Support",0.1
"Deep Impact","2001","Development","Development/Implementation",49.9
"Deep Impact","2001","Formulation","Formulation",15.5
"Deep Impact","2001","Launch Services","Launch Vehicle(s) & Support",7.3
"Deep Impact","2002","Development","Development/Implementation",90.9
"Deep Impact","2002","Launch Services","Launch Vehicle(s) & Support",22.5
"Deep Impact","2003","Development","Development/Implementation",57.7
"Deep Impact","2003","Launch Services","Launch Vehicle(s) & Support",22.8
"Deep Impact","2004","Development","Development/Implementation",12.9
"Deep Impact","2004","Launch Services","Launch Vehicle(s) & Support",4.9
"Deep Impact","2005","Development","Development/Implementation",24.6
"Deep Impact","2005","Operations","Operations & Data Analysis",7.3
"Deep Impact","2006","Operations","Operations & Data Analysis",7.7
"Deep Impact","2007","Operations","Operations & Data Analysis",9.175
"Deep Impact","2008","Operations","Operations & Data Analysis",9.175
"Deep Impact","2009","Operations","Operations & Data Analysis",9.175
"Deep Impact","2010","Operations","Operations & Data Analysis",9.175
"Deep Impact","2011","Operations","Operations & Data Analysis",5.3
"Deep Impact","2012","Operations","Operations & Data Analysis",4
"Deep Impact","2013","Operations","Operations & Data Analysis",3
"Deep Space 1","1996","Development","Development/Implementation",33.5
"Deep Space 1","1996","Launch Services","Launch Vehicle(s) & Support",7.7
"Deep Space 1","1997","Development","Development/Implementation",35.1
"Deep Space 1","1997","Launch Services","Launch Vehicle(s) & Support",5
"Deep Space 1","1998","Development","Development/Implementation",31.1
"Deep Space 1","1998","Launch Services","Launch Vehicle(s) & Support",32.8
"Deep Space 1","1999","Operations","Operations & Data Analysis",13.8
"Deep Space 1","2000","Operations","Operations & Data Analysis",4.9
"Deep Space 1","2001","Operations","Operations & Data Analysis",5.8
"Deep Space 1","2002","Operations","Operations & Data Analysis",0.6
"EscaPADE","2021","Spacecraft","Development/Implementation",29.1
"EscaPADE","2022","Spacecraft","Development/Implementation",19.6
"EscaPADE","2023","Spacecraft","Development/Implementation",11.2
"EscaPADE","2024","Spacecraft","Development/Implementation",3.6
"EscaPADE","2025","Spacecraft","Development/Implementation",3
"EscaPADE","2026","Spacecraft","Development/Implementation",2.4
"EscaPADE","2027","Spacecraft","Development/Implementation",0
"Europa Clipper","2013","Formulation","Formulation",69.7
"Europa Clipper","2014","Formulation","Formulation",80
"Europa Clipper","2015","Formulation","Formulation",100
"Europa Clipper","2016","Formulation","Formulation",146.3
"Europa Clipper","2017","Formulation","Formulation",237.4
"Europa Clipper","2018","Formulation","Formulation",525
"Europa Clipper","2019","Formulation","Formulation",195.7
"Europa Clipper","2019","Implementation (incl LV)","Development/Implementation (incl LV)",349.3
"Europa Clipper","2020","Implementation (incl LV)","Development/Implementation (incl LV)",592.6
"Europa Clipper","2021","Implementation (incl LV)","Development/Implementation (incl LV)",434.8
"Europa Clipper","2022","Implementation (incl LV)","Development/Implementation (incl LV)",472.1
"Europa Clipper","2023","Implementation (incl LV)","Development/Implementation (incl LV)",345
"Europa Clipper","2024","Implementation (incl LV)","Development/Implementation (incl LV)",303.3
"Europa Clipper","2025","Implementation (incl LV)","Development/Implementation (incl LV)",11.9
"Europa Clipper","2025","Operations","Operations & Data Analysis",89.3
"Europa Clipper","2026","Operations","Operations & Data Analysis",80.6
"Europa Clipper","2027","Operations","Operations & Data Analysis",77.7
"Europa Clipper","2028","Operations","Operations & Data Analysis",128.05
"Europa Clipper","2029","Operations","Operations & Data Analysis",128.05
"Europa Clipper","2030","Operations","Operations & Data Analysis",128.05
"Europa Clipper","2031","Operations","Operations & Data Analysis",128.05
"Europa Clipper","2032","Operations","Operations & Data Analysis",128.05
"Europa Clipper","2033","Operations","Operations & Data Analysis",128.05
"Europa Clipper","2034","Operations","Operations & Data Analysis",128.05
"Europa Clipper","2035","Operations","Operations & Data Analysis",128.05
"Galileo","1978","Experiments","Science & Experiments",7.59
"Galileo","1978","Ground Operations","Project Management/Ground Operations",1.7
"Galileo","1978","Operations","Operations & Data Analysis",0.9
"Galileo","1978","Spacecraft","Development/Implementation",11.66
"Galileo","1979","Experiments","Science & Experiments",18.714
"Galileo","1979","Ground Operations","Project Management/Ground Operations",5.903
"Galileo","1979","Operations","Operations & Data Analysis",2.4
"Galileo","1979","Spacecraft","Development/Implementation",54.083
"Galileo","1980","Experiments","Science & Experiments",19.39
"Galileo","1980","Ground Operations","Project Management/Ground Operations",7.488
"Galileo","1980","Operations","Operations & Data Analysis",8.3
"Galileo","1980","Spacecraft","Development/Implementation",89.222
"Galileo","1981","Experiments","Science & Experiments",8.8
"Galileo","1981","Ground Operations","Project Management/Ground Operations",6.6
"Galileo","1981","Operations","Operations & Data Analysis",2.4
"Galileo","1981","Spacecraft","Development/Implementation",47.7
"Galileo","1982","Experiments","Science & Experiments",13.5
"Galileo","1982","Ground Operations","Project Management/Ground Operations",11.7
"Galileo","1982","Operations","Operations & Data Analysis",8.2
"Galileo","1982","Spacecraft","Development/Implementation",90.5
"Galileo","1983","Experiments","Science & Experiments",8.612
"Galileo","1983","Ground Operations","Project Management/Ground Operations",15.464
"Galileo","1983","Operations","Operations & Data Analysis",12.6
"Galileo","1983","Spacecraft","Development/Implementation",67.524
"Galileo","1984","Experiments","Science & Experiments",9.375
"Galileo","1984","Ground Operations","Project Management/Ground Operations",19.547
"Galileo","1984","Operations","Operations & Data Analysis",37.2
"Galileo","1984","Spacecraft","Development/Implementation",50.578
"Galileo","1985","Experiments","Science & Experiments",10.275
"Galileo","1985","Ground Operations","Project Management/Ground Operations",20.78
"Galileo","1985","Operations","Operations & Data Analysis",36.6
"Galileo","1985","Spacecraft","Development/Implementation",27.745
"Galileo","1986","Experiments","Science & Experiments",14.215
"Galileo","1986","Ground Operations","Project Management/Ground Operations",15.81
"Galileo","1986","Operations","Operations & Data Analysis",10.9
"Galileo","1986","Spacecraft","Development/Implementation",34.175
"Galileo","1987","Experiments","Science & Experiments",11.383
"Galileo","1987","Ground Operations","Project Management/Ground Operations",14.102
"Galileo","1987","Operations","Operations & Data Analysis",11.8
"Galileo","1987","Spacecraft","Development/Implementation",45.715
"Galileo","1988","Experiments","Science & Experiments",9.078
"Galileo","1988","Ground Operations","Project Management/Ground Operations",11.445
"Galileo","1988","Operations","Operations & Data Analysis",31.2
"Galileo","1988","Spacecraft","Development/Implementation",31.377
"Galileo","1989","Experiments","Science & Experiments",13.67
"Galileo","1989","Ground Operations","Project Management/Ground Operations",24.85
"Galileo","1989","Operations","Operations & Data Analysis",85.5
"Galileo","1989","Spacecraft","Development/Implementation",34.88
"Galileo","1989","Upper Stage","Launch Vehicle(s) & Support",18.2
"Galileo","1990","Operations","Operations & Data Analysis",37.315
"Galileo","1991","Operations","Operations & Data Analysis",48.074
"Galileo","1992","Operations","Operations & Data Analysis",57.7
"Galileo","1993","Operations","Operations & Data Analysis",59.429
"Galileo","1994","Operations","Operations & Data Analysis",59.4
"Galileo","1995","Operations","Operations & Data Analysis",70.7
"Galileo","1996","Operations","Operations & Data Analysis",71.5
"Galileo","1997","Operations","Operations & Data Analysis",64.4
"Galileo","1998","Operations","Operations & Data Analysis",29.8
"Galileo","1999","Operations","Operations & Data Analysis",16
"Galileo","2000","Operations","Operations & Data Analysis",15
"Galileo","2001","Operations","Operations & Data Analysis",15
"Galileo","2002","Operations","Operations & Data Analysis",15
"Galileo","2003","Operations","Operations & Data Analysis",15
"Genesis","1997","Formulation","Formulation",0.3
"Genesis","1997","Launch Support","Launch Vehicle(s) & Support",0.5
"Genesis","1998","Development","Development/Implementation",23
"Genesis","1998","Formulation","Formulation",11.1
"Genesis","1998","Launch Support","Launch Vehicle(s) & Support",9.6
"Genesis","1999","Development","Development/Implementation",65.1
"Genesis","1999","Launch Support","Launch Vehicle(s) & Support",17.8
"Genesis","2000","Development","Development/Implementation",42.7
"Genesis","2000","Launch Support","Launch Vehicle(s) & Support",19.6
"Genesis","2001","Development","Development/Implementation",20.8
"Genesis","2001","Launch Support","Launch Vehicle(s) & Support",1.2
"Genesis","2001","Operations & Data Analysis","Operations & Data Analysis",7.6
"Genesis","2002","Operations & Data Analysis","Operations & Data Analysis",10.2
"Genesis","2003","Operations & Data Analysis","Operations & Data Analysis",10
"Genesis","2004","Operations & Data Analysis","Operations & Data Analysis",9.3
"Genesis","2005","Operations & Data Analysis","Operations & Data Analysis",9.7
"Genesis","2006","Operations & Data Analysis","Operations & Data Analysis",1.9
"Genesis","2007","Operations & Data Analysis","Operations & Data Analysis",1.1
"Genesis","2008","Operations & Data Analysis","Operations & Data Analysis",0.2
"GRAIL","2007","Formulation","Formulation",1.2
"GRAIL","2008","Formulation","Formulation",27
"GRAIL","2008","Implementation (incl LV)","Development/Implementation (incl LV)",40.1
"GRAIL","2009","Formulation","Formulation",22.3
"GRAIL","2009","Implementation (incl LV)","Development/Implementation (incl LV)",130.6
"GRAIL","2010","Implementation (incl LV)","Development/Implementation (incl LV)",124.1
"GRAIL","2011","Implementation (incl LV)","Development/Implementation (incl LV)",103.4
"GRAIL","2012","Operations","Operations & Data Analysis",29.8
"GRAIL","2013","Operations","Operations & Data Analysis",7
"GRAIL","2014","Operations","Operations & Data Analysis",3
"Helios","1970","Spacecraft","Development/Implementation",0.3
"Helios","1971","Spacecraft","Development/Implementation",1.9
"Helios","1972","Spacecraft","Development/Implementation",2.5
"Helios","1973","Spacecraft","Development/Implementation",2.265
"Helios","1973","Launch Vehicle(s)","Launch Vehicle(s) & Support",18.2
"Helios","1974","Spacecraft","Development/Implementation",1.325
"Helios","1974","Launch Vehicle(s)","Launch Vehicle(s) & Support",21.6
"Helios","1975","Spacecraft","Development/Implementation",1.4
"Helios","1976","Spacecraft","Development/Implementation",1.2
"InSight","2011","Formulation","Formulation",3
"InSight","2012","Formulation","Formulation",62
"InSight","2013","Formulation","Formulation",33.8
"InSight","2013","Implementation (incl LV)","Development/Implementation (incl LV)",88.9
"InSight","2014","Implementation (incl LV)","Development/Implementation (incl LV)",203.3
"InSight","2015","Implementation (incl LV)","Development/Implementation (incl LV)",170
"InSight","2016","Implementation (incl LV)","Development/Implementation (incl LV)",92.1
"InSight","2017","Implementation (incl LV)","Development/Implementation (incl LV)",32.3
"InSight","2018","Implementation (incl LV)","Development/Implementation (incl LV)",74.3
"InSight","2019","Operations","Operations & Data Analysis",23.1
"InSight","2020","Operations","Operations & Data Analysis",13.6
"InSight","2021","Operations","Operations & Data Analysis",14.9
"InSight","2022","Operations","Operations & Data Analysis",8.8
"InSight","2023","Operations","Operations & Data Analysis",7.8
"Janus","2021","Spacecraft","Development/Implementation",23.7
"Janus","2022","Spacecraft","Development/Implementation",15.3
"Janus","2023","Spacecraft","Development/Implementation",1.2
"Janus","2024","Spacecraft","Development/Implementation",0.6
"Janus","2025","Spacecraft","Development/Implementation",0.6
"Janus","2026","Spacecraft","Development/Implementation",1.1
"Janus","2027","Spacecraft","Development/Implementation",0
"Juno","2005","Formulation","Formulation",2.7
"Juno","2006","Formulation","Formulation",40.4
"Juno","2007","Formulation","Formulation",87.8
"Juno","2008","Formulation","Formulation",55.5
"Juno","2008","Implementation (incl LV)","Development/Implementation (incl LV)",39.5
"Juno","2009","Implementation (incl LV)","Development/Implementation (incl LV)",260.1
"Juno","2010","Implementation (incl LV)","Development/Implementation (incl LV)",257.1
"Juno","2011","Implementation (incl LV)","Development/Implementation (incl LV)",185.6
"Juno","2011","Operations","Operations & Data Analysis",3.6
"Juno","2012","Operations","Operations & Data Analysis",14.4
"Juno","2013","Operations","Operations & Data Analysis",17.8
"Juno","2014","Operations","Operations & Data Analysis",7.7
"Juno","2015","Operations","Operations & Data Analysis",35.4
"Juno","2016","Operations","Operations & Data Analysis",45.8
"Juno","2017","Operations","Operations & Data Analysis",61.9
"Juno","2018","Operations","Operations & Data Analysis",17.8
"Juno","2019","Operations","Operations & Data Analysis",11.8
"Juno","2020","Operations","Operations & Data Analysis",33.8
"Juno","2021","Operations","Operations & Data Analysis",35
"Juno","2022","Operations","Operations & Data Analysis",32
"Juno","2023","Operations","Operations & Data Analysis",30.5
"LADEE","2008","Formulation","Formulation",5.1
"LADEE","2009","Formulation","Formulation",30.2
"LADEE","2010","Formulation","Formulation",48.2
"LADEE","2011","Implementation (incl LV)","Development/Implementation (incl LV)",64.5
"LADEE","2012","Implementation (incl LV)","Development/Implementation (incl LV)",70.4
"LADEE","2013","Implementation (incl LV)","Development/Implementation (incl LV)",43.9
"LADEE","2013","Operations","Operations & Data Analysis",4.8
"LADEE","2014","Operations","Operations & Data Analysis",8.5
"Lucy","2016","Formulation","Formulation",3
"Lucy","2017","Formulation","Formulation",54.5
"Lucy","2018","Formulation","Formulation",37.2
"Lucy","2018","Implementation (incl LV)","Development/Implementation (incl LV)",44.2
"Lucy","2019","Implementation (incl LV)","Development/Implementation (incl LV)",165.5
"Lucy","2020","Implementation (incl LV)","Development/Implementation (incl LV)",208.6
"Lucy","2021","Implementation (incl LV)","Development/Implementation (incl LV)",139.9
"Lucy","2022","Implementation (incl LV)","Development/Implementation (incl LV)",52.3
"Lucy","2022","Operations","Operations & Data Analysis",25
"Lucy","2023","Operations","Operations & Data Analysis",22.9
"Lucy","2024","Operations","Operations & Data Analysis",24.8
"Lucy","2025","Operations","Operations & Data Analysis",26.4
"Lucy","2026","Operations","Operations & Data Analysis",23.3
"Lucy","2027","Operations","Operations & Data Analysis",38.1
"Lucy","2028","Operations","Operations & Data Analysis",18.78333333
"Lucy","2029","Operations","Operations & Data Analysis",22.00277778
"Lucy","2030","Operations","Operations & Data Analysis",21.4662037
"Lucy","2031","Operations","Operations & Data Analysis",21.55563272
"Lucy","2032","Operations","Operations & Data Analysis",21.54072788
"Lucy","2033","Operations","Operations & Data Analysis",21.54321202
"Lunar Orbiters","1963","Spacecraft","Development/Implementation",4
"Lunar Orbiters","1964","Spacecraft","Development/Implementation",20
"Lunar Orbiters","1965","Ground Operations","Project Management/Ground Operations",0.744
"Lunar Orbiters","1965","Launch Vehicle(s)","Launch Vehicle(s) & Support",9.102
"Lunar Orbiters","1965","Spacecraft","Development/Implementation",48.758
"Lunar Orbiters","1966","Experiments","Science & Experiments",0.178
"Lunar Orbiters","1966","Ground Operations","Project Management/Ground Operations",1.236
"Lunar Orbiters","1966","Launch Vehicle(s)","Launch Vehicle(s) & Support",14.5
"Lunar Orbiters","1966","Spacecraft","Development/Implementation",56.667
"Lunar Orbiters","1967","Launch Vehicle(s)","Launch Vehicle(s) & Support",9.3
"Lunar Orbiters","1967","Spacecraft","Development/Implementation",26
"Lunar Orbiters","1968","Experiments","Science & Experiments",0.22
"Lunar Orbiters","1968","Ground Operations","Project Management/Ground Operations",1
"Lunar Orbiters","1968","Spacecraft","Development/Implementation",8.78
"Lunar Prospector","1996","Development","Development/Implementation",36.4
"Lunar Prospector","1997","Development","Development/Implementation",19.8
"Lunar Prospector","1997","Operations & Data Analysis","Operations & Data Analysis",0.8
"Lunar Prospector","1998","Development","Development/Implementation",0.4
"Lunar Prospector","1998","Operations & Data Analysis","Operations & Data Analysis",4.3
"Lunar Prospector","1999","Operations & Data Analysis","Operations & Data Analysis",2.2
"Lunar Trailblazer","2021","Spacecraft","Development/Implementation",23.2
"Lunar Trailblazer","2022","Spacecraft","Development/Implementation",17.5
"Lunar Trailblazer","2023","Spacecraft","Development/Implementation",1.2
"Lunar Trailblazer","2024","Spacecraft","Development/Implementation",4.3
"Lunar Trailblazer","2025","Spacecraft","Development/Implementation",3.4
"Lunar Trailblazer","2026","Spacecraft","Development/Implementation",1.8
"Lunar Trailblazer","2027","Spacecraft","Development/Implementation",0.8
"Magellan","1984","Experiments","Science & Experiments",12.483
"Magellan","1984","Ground Operations","Project Management/Ground Operations",0.562
"Magellan","1984","Spacecraft","Development/Implementation",15.955
"Magellan","1985","Experiments","Science & Experiments",25.995
"Magellan","1985","Ground Operations","Project Management/Ground Operations",2.18
"Magellan","1985","Operations","Operations & Data Analysis",28.4
"Magellan","1985","Spacecraft","Development/Implementation",64.325
"Magellan","1986","Experiments","Science & Experiments",40.823
"Magellan","1986","Ground Operations","Project Management/Ground Operations",4.512
"Magellan","1986","Operations","Operations & Data Analysis",20.2
"Magellan","1986","Spacecraft","Development/Implementation",74.965
"Magellan","1987","Experiments","Science & Experiments",29.17
"Magellan","1987","Ground Operations","Project Management/Ground Operations",13.605
"Magellan","1987","Operations","Operations & Data Analysis",11.8
"Magellan","1987","Spacecraft","Development/Implementation",54.525
"Magellan","1988","Experiments","Science & Experiments",17.017
"Magellan","1988","Ground Operations","Project Management/Ground Operations",12.588
"Magellan","1988","Operations","Operations & Data Analysis",49.9
"Magellan","1988","Spacecraft","Development/Implementation",43.395
"Magellan","1989","Experiments","Science & Experiments",5.88
"Magellan","1989","Ground Operations","Project Management/Ground Operations",13.79
"Magellan","1989","Operations","Operations & Data Analysis",69.7
"Magellan","1989","Spacecraft","Development/Implementation",23.43
"Magellan","1990","Operations","Operations & Data Analysis",41.207
"Magellan","1991","Operations","Operations & Data Analysis",43.3
"Magellan","1992","Operations","Operations & Data Analysis",45.1
"Magellan","1993","Operations","Operations & Data Analysis",7
"Magellan","1994","Operations","Operations & Data Analysis",11.8
"Mariner 10","1970","Spacecraft","Development/Implementation",0.9
"Mariner 10","1971","Ground Operations","Project Management/Ground Operations",0.1
"Mariner 10","1971","Launch Vehicle(s)","Launch Vehicle(s) & Support",3.045
"Mariner 10","1971","Science","Science & Experiments",1.6
"Mariner 10","1971","Spacecraft","Development/Implementation",8.661
"Mariner 10","1972","Ground Operations","Project Management/Ground Operations",1.1
"Mariner 10","1972","Launch Vehicle(s)","Launch Vehicle(s) & Support",7.8
"Mariner 10","1972","Science","Science & Experiments",5.4
"Mariner 10","1972","Spacecraft","Development/Implementation",38.1
"Mariner 10","1973","Ground Operations","Project Management/Ground Operations",2.012
"Mariner 10","1973","Launch Vehicle(s)","Launch Vehicle(s) & Support",6.8
"Mariner 10","1973","Science","Science & Experiments",2.812
"Mariner 10","1973","Spacecraft","Development/Implementation",25.683
"Mariner 10","1974","Operations","Operations & Data Analysis",3.567
"Mariner 10","1974","Science","Science & Experiments",2.303
"Mariner 10","1974","Spacecraft","Development/Implementation",5.3
"Mariner 10","1975","Operations","Operations & Data Analysis",5.324
"Mariner 8 & 9","1969","Launch Vehicle(s)","Launch Vehicle(s) & Support",11.039
"Mariner 8 & 9","1969","Spacecraft","Development/Implementation",20.58
"Mariner 8 & 9","1970","Launch Vehicle(s)","Launch Vehicle(s) & Support",9.2
"Mariner 8 & 9","1970","Spacecraft","Development/Implementation",59.256
"Mariner 8 & 9","1971","Operations","Operations & Data Analysis",6
"Mariner 8 & 9","1971","Project Management","Project Management/Ground Operations",3.591
"Mariner 8 & 9","1971","Spacecraft","Development/Implementation",21.7
"Mariner 8 & 9","1972","Operations","Operations & Data Analysis",13.42
"Mariner 8 & 9","1972","Project Management","Project Management/Ground Operations",3.39
"Mariner 8 & 9","1972","Spacecraft","Development/Implementation",0.19
"Mariner 8 & 9","1973","Operations","Operations & Data Analysis",7.176
"Mariner R (I & II) Venus fly-by","1962","Spacecraft","Development/Implementation",13.226
"Mariner R (I & II) Venus fly-by","1962","Launch Vehicle(s)","Launch Vehicle(s) & Support",17
"Mariner R (I & II) Venus fly-by","1963","Spacecraft","Development/Implementation",7.7
"Mariner R (I & II) Venus fly-by","1963","Launch Vehicle(s)","Launch Vehicle(s) & Support",4.812
"Mariner-Mars '64 (III & IV)","1963","Spacecraft","Development/Implementation",31.8
"Mariner-Mars '64 (III & IV)","1964","Spacecraft","Development/Implementation",28.36
"Mariner-Mars '64 (III & IV)","1964","Launch Vehicle(s)","Launch Vehicle(s) & Support",10.55
"Mariner-Mars '64 (III & IV)","1965","Spacecraft","Development/Implementation",16.2
"Mariner-Mars '64 (III & IV)","1965","Launch Vehicle(s)","Launch Vehicle(s) & Support",9.102
"Mariner-Mars '64 (III & IV)","1966","Spacecraft","Development/Implementation",2.335
"Mariner-Mars '64 (III & IV)","1967","Spacecraft","Development/Implementation",1
"Mariner-Mars 1969 (VI & VII)","1967","Spacecraft","Development/Implementation",30.13
"Mariner-Mars 1969 (VI & VII)","1967","Launch Vehicle(s)","Launch Vehicle(s) & Support",9
"Mariner-Mars 1969 (VI & VII)","1968","Spacecraft","Development/Implementation",62.85
"Mariner-Mars 1969 (VI & VII)","1968","Launch Vehicle(s)","Launch Vehicle(s) & Support",6.874
"Mariner-Mars 1969 (VI & VII)","1969","Spacecraft","Development/Implementation",26.13
"Mariner-Mars 1969 (VI & VII)","1970","Spacecraft","Development/Implementation",3.715
"Mariner-Mars 1969 (VI & VII)","1971","Spacecraft","Development/Implementation",0.188
"Mariner-Venus 1967 (V)","1966","Spacecraft","Development/Implementation",10.9
"Mariner-Venus 1967 (V)","1966","Launch Vehicle(s)","Launch Vehicle(s) & Support",14.5
"Mariner-Venus 1967 (V)","1967","Spacecraft","Development/Implementation",12.058
"Mariner-Venus 1967 (V)","1968","Spacecraft","Development/Implementation",3.4
"Mars Global Surveyor","1994","Data Analysis","Operations & Data Analysis",0.2
"Mars Global Surveyor","1994","Development","Development/Implementation",14.6
"Mars Global Surveyor","1995","Data Analysis","Operations & Data Analysis",0.2
"Mars Global Surveyor","1995","Development","Development/Implementation",58
"Mars Global Surveyor","1995","Launch Support","Launch Vehicle(s) & Support",21.8
"Mars Global Surveyor","1996","Data Analysis","Operations & Data Analysis",0.4
"Mars Global Surveyor","1996","Development","Development/Implementation",58.1
"Mars Global Surveyor","1996","Launch Support","Launch Vehicle(s) & Support",24.4
"Mars Global Surveyor","1997","Data Analysis","Operations & Data Analysis",0.3
"Mars Global Surveyor","1997","Launch Support","Launch Vehicle(s) & Support",6.4
"Mars Global Surveyor","1997","Operations & Data Analysis","Operations & Data Analysis",14.7
"Mars Global Surveyor","1998","Operations & Data Analysis","Operations & Data Analysis",19.5
"Mars Global Surveyor","1999","Operations & Data Analysis","Operations & Data Analysis",13.1
"Mars Global Surveyor","2000","Operations & Data Analysis","Operations & Data Analysis",12.8
"Mars Global Surveyor","2001","Operations & Data Analysis","Operations & Data Analysis",9.1
"Mars Global Surveyor","2002","Operations & Data Analysis","Operations & Data Analysis",6
"Mars Global Surveyor","2003","Operations & Data Analysis","Operations & Data Analysis",6
"Mars Global Surveyor","2004","Operations & Data Analysis","Operations & Data Analysis",6
"Mars Global Surveyor","2005","Operations & Data Analysis","Operations & Data Analysis",6
"Mars Global Surveyor","2006","Operations & Data Analysis","Operations & Data Analysis",6
"Mars Observer","1985","Experiments","Science & Experiments",8.705
"Mars Observer","1985","Ground Operations","Project Management/Ground Operations",2.285
"Mars Observer","1985","Spacecraft","Development/Implementation",2.01
"Mars Observer","1986","Experiments","Science & Experiments",16.39
"Mars Observer","1986","Ground Operations","Project Management/Ground Operations",1.225
"Mars Observer","1986","Operations","Operations & Data Analysis",18.9
"Mars Observer","1986","Spacecraft","Development/Implementation",16.185
"Mars Observer","1987","Experiments","Science & Experiments",16.392
"Mars Observer","1987","Ground Operations","Project Management/Ground Operations",3.693
"Mars Observer","1987","Spacecraft","Development/Implementation",15.715
"Mars Observer","1988","Experiments","Science & Experiments",24.842
"Mars Observer","1988","Ground Operations","Project Management/Ground Operations",2.974
"Mars Observer","1988","Spacecraft","Development/Implementation",26.084
"Mars Observer","1989","Experiments","Science & Experiments",36.095
"Mars Observer","1989","Ground Operations","Project Management/Ground Operations",5.5
"Mars Observer","1989","Launch Vehicle(s)","Launch Vehicle(s) & Support",5
"Mars Observer","1989","Spacecraft","Development/Implementation",60.605
"Mars Observer","1989","Upper Stage","Launch Vehicle(s) & Support",12.8
"Mars Observer","1990","Experiments","Science & Experiments",30.9
"Mars Observer","1990","Ground Operations","Project Management/Ground Operations",8.5
"Mars Observer","1990","Launch Vehicle(s)","Launch Vehicle(s) & Support",39.9
"Mars Observer","1990","Spacecraft","Development/Implementation",59.522
"Mars Observer","1990","Upper Stage","Launch Vehicle(s) & Support",27.3
"Mars Observer","1991","Experiments","Science & Experiments",37.128
"Mars Observer","1991","Ground Operations","Project Management/Ground Operations",8.38
"Mars Observer","1991","Launch Vehicle(s)","Launch Vehicle(s) & Support",98.3
"Mars Observer","1991","Spacecraft","Development/Implementation",43.02
"Mars Observer","1991","Upper Stage","Launch Vehicle(s) & Support",12.6
"Mars Observer","1992","Experiments","Science & Experiments",36
"Mars Observer","1992","Ground Operations","Project Management/Ground Operations",6.3
"Mars Observer","1992","Launch Vehicle(s)","Launch Vehicle(s) & Support",32.6
"Mars Observer","1992","Spacecraft","Development/Implementation",42.7
"Mars Observer","1992","Upper Stage","Launch Vehicle(s) & Support",6.8
"Mars Observer","1993","Operations","Operations & Data Analysis",21.2
"Mars Odyssey","1998","Development","Development/Implementation",60.7
"Mars Odyssey","1998","Launch Support","Launch Vehicle(s) & Support",4.2
"Mars Odyssey","1999","Development","Development/Implementation",183.5
"Mars Odyssey","1999","Launch Support","Launch Vehicle(s) & Support",30
"Mars Odyssey","2000","Development","Development/Implementation",89.5
"Mars Odyssey","2000","Launch Support","Launch Vehicle(s) & Support",19.7
"Mars Odyssey","2001","Development","Development/Implementation",32.5
"Mars Odyssey","2001","Operations & Data Analysis","Operations & Data Analysis",5.8
"Mars Odyssey","2002","Operations & Data Analysis","Operations & Data Analysis",14
"Mars Odyssey","2003","Operations & Data Analysis","Operations & Data Analysis",10.5
"Mars Odyssey","2004","Operations & Data Analysis","Operations & Data Analysis",9.9
"Mars Odyssey","2005","Operations & Data Analysis","Operations & Data Analysis",10
"Mars Odyssey","2006","Operations & Data Analysis","Operations & Data Analysis",10
"Mars Odyssey","2007","Operations & Data Analysis","Operations & Data Analysis",10
"Mars Odyssey","2008","Operations & Data Analysis","Operations & Data Analysis",10
"Mars Odyssey","2009","Operations & Data Analysis","Operations & Data Analysis",10
"Mars Odyssey","2010","Operations & Data Analysis","Operations & Data Analysis",10
"MER","2008","Operations","Operations & Data Analysis",20
"Mars Odyssey","2011","Operations & Data Analysis","Operations & Data Analysis",10.1
"Mars Odyssey","2012","Operations & Data Analysis","Operations & Data Analysis",13.3
"Mars Odyssey","2013","Operations & Data Analysis","Operations & Data Analysis",13.2
"Mars Odyssey","2014","Operations & Data Analysis","Operations & Data Analysis",12.3
"Mars Odyssey","2015","Operations & Data Analysis","Operations & Data Analysis",12
"Mars Odyssey","2016","Operations & Data Analysis","Operations & Data Analysis",9.7
"Mars Odyssey","2017","Operations & Data Analysis","Operations & Data Analysis",10.8
"Mars Odyssey","2018","Operations & Data Analysis","Operations & Data Analysis",11.3
"Mars Odyssey","2019","Operations & Data Analysis","Operations & Data Analysis",11.5
"Mars Odyssey","2020","Operations & Data Analysis","Operations & Data Analysis",11.7
"Mars Odyssey","2021","Operations & Data Analysis","Operations & Data Analysis",11.4
"Mars Odyssey","2022","Operations & Data Analysis","Operations & Data Analysis",11
"Mars Odyssey","2023","Operations & Data Analysis","Operations & Data Analysis",11
"Mars Pathfinder","1993","Launch Support","Launch Vehicle(s) & Support",0.3
"Mars Pathfinder","1993","Microrover","Development/Implementation",2.8
"Mars Pathfinder","1994","Development","Development/Implementation",60.8
"Mars Pathfinder","1994","Launch Support","Launch Vehicle(s) & Support",9.6
"Mars Pathfinder","1994","Microrover","Development/Implementation",5.9
"Mars Pathfinder","1995","Data Analysis","Operations & Data Analysis",0.1
"Mars Pathfinder","1995","Development","Development/Implementation",79.7
"Mars Pathfinder","1995","Launch Support","Launch Vehicle(s) & Support",21.1
"Mars Pathfinder","1995","Microrover","Development/Implementation",8.5
"Mars Pathfinder","1996","Data Analysis","Operations & Data Analysis",0.2
"Mars Pathfinder","1996","Development","Development/Implementation",33.7
"Mars Pathfinder","1996","Launch Support","Launch Vehicle(s) & Support",17.4
"Mars Pathfinder","1996","Microrover","Development/Implementation",5.8
"Mars Pathfinder","1997","Data Analysis","Operations & Data Analysis",0.2
"Mars Pathfinder","1997","Microrover","Development/Implementation",2
"Mars Pathfinder","1997","Operations & Data Analysis","Operations & Data Analysis",9.6
"Mars Pathfinder","1998","Data Analysis","Operations & Data Analysis",0.2
"Mars Pathfinder","1998","Operations & Data Analysis","Operations & Data Analysis",4.4
"Mars Perseverance","2013","Formulation","Formulation",78.43333333
"Mars Perseverance","2014","Formulation","Formulation",85.33333333
"Mars Perseverance","2015","Formulation","Formulation",110.6333333
"Mars Perseverance","2016","Formulation","Formulation",118.8
"Mars Perseverance","2016","Implementation (incl LV)","Development/Implementation (incl LV)",227.7
"Mars Perseverance","2017","Implementation (incl LV)","Development/Implementation (incl LV)",425.2
"Mars Perseverance","2018","Implementation (incl LV)","Development/Implementation (incl LV)",536.6
"Mars Perseverance","2019","Implementation (incl LV)","Development/Implementation (incl LV)",515.3
"Mars Perseverance","2020","Implementation (incl LV)","Development/Implementation (incl LV)",330.3
"Mars Perseverance","2020","Operations","Operations & Data Analysis",22.7
"Mars Perseverance","2021","Implementation (incl LV)","Development/Implementation (incl LV)",34.3
"Mars Perseverance","2021","Operations","Operations & Data Analysis",120.7
"Mars Perseverance","2022","Operations","Operations & Data Analysis",105.7
"Mars Perseverance","2023","Operations","Operations & Data Analysis",80
"Mars Sample Return","2019","Formulation","Formulation",30.3
"Mars Sample Return","2020","Formulation","Formulation",65.5
"Mars Sample Return","2021","Formulation","Formulation",23.3
"Mars Sample Return","2022","Formulation","Formulation",653.2
"Mars Sample Return","2023","Formulation","Formulation",822.3
"Mars Sample Return","2024","Formulation","Formulation",800
"Mars Sample Return","2025","Formulation","Formulation",700
"Mars Sample Return","2026","Formulation","Formulation",600
"Mars Sample Return","2027","Formulation","Formulation",612.1
"MAVEN","2007","Formulation","Formulation",5.3
"MAVEN","2008","Formulation","Formulation",1
"MAVEN","2009","Formulation","Formulation",6.7
"MAVEN","2010","Formulation","Formulation",48.1
"MAVEN","2011","Formulation","Formulation",5.5
"MAVEN","2011","Implementation (incl LV)","Development/Implementation (incl LV)",155
"MAVEN","2012","Implementation (incl LV)","Development/Implementation (incl LV)",245.7
"MAVEN","2013","Implementation (incl LV)","Development/Implementation (incl LV)",86.5
"MAVEN","2014","Operations","Operations & Data Analysis",14.9
"MAVEN","2015","Operations","Operations & Data Analysis",13.8
"MAVEN","2016","Operations","Operations & Data Analysis",21.3
"MAVEN","2017","Operations","Operations & Data Analysis",20.5
"MAVEN","2018","Operations","Operations & Data Analysis",22.2
"MAVEN","2019","Operations","Operations & Data Analysis",17.9
"MAVEN","2020","Operations","Operations & Data Analysis",20.5
"MAVEN","2021","Operations","Operations & Data Analysis",21
"MAVEN","2022","Operations","Operations & Data Analysis",23
"MAVEN","2023","Operations","Operations & Data Analysis",23
"MER","2000","Development (incl LV)","Development/Implementation (incl LV)",18.9
"MER","2001","Development (incl LV)","Development/Implementation (incl LV)",296
"MER","2002","Development (incl LV)","Development/Implementation (incl LV)",277.6
"MER","2003","Development (incl LV)","Development/Implementation (incl LV)",151.5
"MER","2003","Operations","Operations & Data Analysis",20.9
"MER","2004","Data Analysis","Operations & Data Analysis",25.2
"MER","2004","Operations","Operations & Data Analysis",26.4
"MER","2005","Data Analysis","Operations & Data Analysis",7
"MER","2005","Operations","Operations & Data Analysis",30.33333333
"MER","2006","Operations","Operations & Data Analysis",30.33333333
"MER","2007","Operations","Operations & Data Analysis",30.33333333
"MER","2009","Operations","Operations & Data Analysis",20
"MER","2010","Operations","Operations & Data Analysis",20
"MER","2011","Operations","Operations & Data Analysis",13.6
"MER","2012","Operations","Operations & Data Analysis",15
"MER","2013","Operations","Operations & Data Analysis",13.2
"MER","2014","Operations","Operations & Data Analysis",14
"MER","2015","Operations","Operations & Data Analysis",13.7
"MER","2016","Operations","Operations & Data Analysis",14.2
"MER","2017","Operations","Operations & Data Analysis",12.5
"MER","2018","Operations","Operations & Data Analysis",12.5
"MER","2019","Operations","Operations & Data Analysis",3.6
"MESSENGER","1999","Formulation","Formulation",1.7
"MESSENGER","2000","Formulation","Formulation",9.6
"MESSENGER","2001","Development (incl LV)","Development/Implementation (incl LV)",31.5
"MESSENGER","2001","Formulation","Formulation",20.3
"MESSENGER","2002","Development (incl LV)","Development/Implementation (incl LV)",97.4
"MESSENGER","2003","Development (incl LV)","Development/Implementation (incl LV)",86.7
"MESSENGER","2004","Development (incl LV)","Development/Implementation (incl LV)",37.8
"MESSENGER","2004","Operations","Operations & Data Analysis",4.5
"MESSENGER","2005","Operations","Operations & Data Analysis",7.7
"MESSENGER","2006","Operations","Operations & Data Analysis",8.2
"MESSENGER","2007","Operations","Operations & Data Analysis",9.4
"MESSENGER","2008","Operations","Operations & Data Analysis",11.5
"MESSENGER","2009","Operations","Operations & Data Analysis",16.3
"MESSENGER","2010","Operations","Operations & Data Analysis",15.8
"MESSENGER","2011","Operations","Operations & Data Analysis",22.7
"MESSENGER","2012","Operations","Operations & Data Analysis",34.9
"MESSENGER","2013","Operations","Operations & Data Analysis",16.6
"MESSENGER","2014","Operations","Operations & Data Analysis",12.2
"MESSENGER","2015","Operations","Operations & Data Analysis",6
"MESSENGER","2016","Operations","Operations & Data Analysis",6.8
"MPLMCO","1996","Development","Development/Implementation",52.4
"MPLMCO","1996","Launch Support","Launch Vehicle(s) & Support",7.4
"MPLMCO","1997","Development","Development/Implementation",86.3
"MPLMCO","1997","Launch Support","Launch Vehicle(s) & Support",31.9
"MPLMCO","1998","Development","Development/Implementation",41.1
"MPLMCO","1998","Launch Support","Launch Vehicle(s) & Support",38.5
"MPLMCO","1999","Data Analysis","Operations & Data Analysis",0.2
"MPLMCO","1999","Development","Development/Implementation",9.2
"MPLMCO","1999","Launch Support","Launch Vehicle(s) & Support",7.7
"MPLMCO","1999","Operations & Data Analysis","Operations & Data Analysis",10.1
"MPLMCO","2000","Data Analysis","Operations & Data Analysis",0.4
"MPLMCO","2000","Operations & Data Analysis","Operations & Data Analysis",5.6
"MRO","2001","Formulation","Formulation",12
"MRO","2002","Formulation","Formulation",58
"MRO","2003","Development (incl LV)","Development/Implementation (incl LV)",146.9
"MRO","2004","Development (incl LV)","Development/Implementation (incl LV)",185.5
"MRO","2005","Development (incl LV)","Development/Implementation (incl LV)",143.7
"MRO","2006","Operations","Operations & Data Analysis",46.4
"MRO","2007","Operations","Operations & Data Analysis",47.6
"MRO","2008","Operations","Operations & Data Analysis",38.9
"MRO","2009","Operations","Operations & Data Analysis",23.9
"MRO","2010","Operations","Operations & Data Analysis",23.2
"MRO","2011","Operations","Operations & Data Analysis",30.1
"MRO","2012","Operations","Operations & Data Analysis",39.9
"MRO","2013","Operations","Operations & Data Analysis",20.6
"MRO","2014","Operations","Operations & Data Analysis",29.2
"MRO","2015","Operations","Operations & Data Analysis",27.9
"MRO","2016","Operations","Operations & Data Analysis",27.7
"MRO","2017","Operations","Operations & Data Analysis",28
"MRO","2018","Operations","Operations & Data Analysis",26.3
"MRO","2019","Operations","Operations & Data Analysis",26
"MRO","2020","Operations","Operations & Data Analysis",26.9
"MRO","2021","Operations","Operations & Data Analysis",28.3
"MRO","2022","Operations","Operations & Data Analysis",26
"MRO","2023","Operations","Operations & Data Analysis",25.5
"MSL Curiosity","2002","Formulation","Formulation",5.7
"MSL Curiosity","2003","Formulation","Formulation",60.6
"MSL Curiosity","2004","Formulation","Formulation",118.1
"MSL Curiosity","2005","Formulation","Formulation",117.5
"MSL Curiosity","2006","Formulation","Formulation",213.6
"MSL Curiosity","2006","Implementation (incl LV)","Development/Implementation (incl LV)",37.4
"MSL Curiosity","2007","Implementation (incl LV)","Development/Implementation (incl LV)",416.8
"MSL Curiosity","2008","Implementation (incl LV)","Development/Implementation (incl LV)",545
"MSL Curiosity","2009","Implementation (incl LV)","Development/Implementation (incl LV)",229.3
"MSL Curiosity","2010","Implementation (incl LV)","Development/Implementation (incl LV)",258.4
"MSL Curiosity","2011","Implementation (incl LV)","Development/Implementation (incl LV)",242.9
"MSL Curiosity","2012","Implementation (incl LV)","Development/Implementation (incl LV)",148.6
"MSL Curiosity","2012","Operations","Operations & Data Analysis",25.4
"MSL Curiosity","2013","Operations","Operations & Data Analysis",63.8
"MSL Curiosity","2014","Operations","Operations & Data Analysis",69.6
"MSL Curiosity","2015","Operations","Operations & Data Analysis",63.5
"MSL Curiosity","2016","Operations","Operations & Data Analysis",50.3
"MSL Curiosity","2017","Operations","Operations & Data Analysis",56.2
"MSL Curiosity","2018","Operations","Operations & Data Analysis",51.4
"MSL Curiosity","2019","Operations","Operations & Data Analysis",51.1
"MSL Curiosity","2020","Operations","Operations & Data Analysis",47
"MSL Curiosity","2021","Operations","Operations & Data Analysis",48.9
"MSL Curiosity","2022","Operations","Operations & Data Analysis",45
"MSL Curiosity","2023","Operations","Operations & Data Analysis",45
"NEAR","1994","Development","Development/Implementation",66.6
"NEAR","1994","Launch Support","Launch Vehicle(s) & Support",24.6
"NEAR","1995","Data Analysis","Operations & Data Analysis",0.1
"NEAR","1995","Development","Development/Implementation",50
"NEAR","1995","Launch Support","Launch Vehicle(s) & Support",15.9
"NEAR","1996","Data Analysis","Operations & Data Analysis",0.2
"NEAR","1996","Development","Development/Implementation",8.3
"NEAR","1996","Launch Support","Launch Vehicle(s) & Support",3
"NEAR","1996","Operations & Data Analysis","Operations & Data Analysis",4.9
"NEAR","1997","Data Analysis","Operations & Data Analysis",0.2
"NEAR","1997","Operations & Data Analysis","Operations & Data Analysis",3.1
"NEAR","1998","Data Analysis","Operations & Data Analysis",0.2
"NEAR","1998","Operations & Data Analysis","Operations & Data Analysis",11
"NEAR","1999","Data Analysis","Operations & Data Analysis",0.2
"NEAR","1999","Operations & Data Analysis","Operations & Data Analysis",14.3
"NEAR","2000","Data Analysis","Operations & Data Analysis",0.2
"NEAR","2000","Operations & Data Analysis","Operations & Data Analysis",13
"NEAR","2001","Data Analysis","Operations & Data Analysis",0.2
"NEAR","2001","Operations & Data Analysis","Operations & Data Analysis",9.8
"NEAR","2002","Operations & Data Analysis","Operations & Data Analysis",1.5
"NEAR","2003","Operations & Data Analysis","Operations & Data Analysis",3
"New Horizons","2001","Development (incl LV)","Development/Implementation (incl LV)",0.7
"New Horizons","2002","Development (incl LV)","Development/Implementation (incl LV)",30
"New Horizons","2003","Development (incl LV)","Development/Implementation (incl LV)",123.6
"New Horizons","2004","Development (incl LV)","Development/Implementation (incl LV)",140.1
"New Horizons","2005","Development (incl LV)","Development/Implementation (incl LV)",193.5
"New Horizons","2006","Development (incl LV)","Development/Implementation (incl LV)",77.8
"New Horizons","2007","Operations","Operations & Data Analysis",18.8
"New Horizons","2008","Operations","Operations & Data Analysis",20.2
"New Horizons","2009","Operations","Operations & Data Analysis",19
"New Horizons","2010","Operations","Operations & Data Analysis",18.425
"New Horizons","2011","Operations","Operations & Data Analysis",9.7
"New Horizons","2012","Operations","Operations & Data Analysis",26.5
"New Horizons","2013","Operations","Operations & Data Analysis",9.6
"New Horizons","2014","Operations","Operations & Data Analysis",12.9
"New Horizons","2015","Operations","Operations & Data Analysis",28.8
"New Horizons","2016","Operations","Operations & Data Analysis",21.5
"New Horizons","2017","Operations","Operations & Data Analysis",29.4
"New Horizons","2018","Operations","Operations & Data Analysis",12
"New Horizons","2019","Operations","Operations & Data Analysis",12.7
"New Horizons","2020","Operations","Operations & Data Analysis",17.3
"New Horizons","2021","Operations","Operations & Data Analysis",12.5
"New Horizons","2022","Operations","Operations & Data Analysis",9.5
"New Horizons","2023","Operations","Operations & Data Analysis",12.5
"OSIRIS-REx","2011","Formulation","Formulation",4.9
"OSIRIS-REx","2012","Formulation","Formulation",99.8
"OSIRIS-REx","2013","Formulation","Formulation",36.2
"OSIRIS-REx","2013","Implementation (incl LV)","Development/Implementation (incl LV)",89.3
"OSIRIS-REx","2014","Implementation (incl LV)","Development/Implementation (incl LV)",207.3
"OSIRIS-REx","2015","Implementation (incl LV)","Development/Implementation (incl LV)",209.8
"OSIRIS-REx","2016","Implementation (incl LV)","Development/Implementation (incl LV)",124.7
"OSIRIS-REx","2017","Implementation (incl LV)","Development/Implementation (incl LV)",13.3
"OSIRIS-REx","2017","Operations","Operations & Data Analysis",26.2
"OSIRIS-REx","2018","Operations","Operations & Data Analysis",42.8
"OSIRIS-REx","2019","Operations","Operations & Data Analysis",50.3
"OSIRIS-REx","2020","Operations","Operations & Data Analysis",37.1
"OSIRIS-REx","2021","Operations","Operations & Data Analysis",10.4
"OSIRIS-REx","2022","Operations","Operations & Data Analysis",11.1
"OSIRIS-REx","2023","Operations","Operations & Data Analysis",32.1
"OSIRIS-REx","2024","Operations","Operations & Data Analysis",36.8
"OSIRIS-REx","2025","Operations","Operations & Data Analysis",25.4
"OSIRIS-REx","2026","Operations","Operations & Data Analysis",20
"OSIRIS-REx","2027","Operations","Operations & Data Analysis",32.4
"Phoenix","2003","Formulation","Formulation",12.1
"Phoenix","2004","Formulation","Formulation",25.5
"Phoenix","2005","Formulation","Formulation",48.1
"Phoenix","2005","Implementation (incl LV)","Development/Implementation (incl LV)",60.8
"Phoenix","2006","Implementation (incl LV)","Development/Implementation (incl LV)",141.5
"Phoenix","2007","Implementation (incl LV)","Development/Implementation (incl LV)",119.4
"Phoenix","2008","Operations","Operations & Data Analysis",11.4
"Phoenix","2009","Operations","Operations & Data Analysis",1.2
"Pioneer 10 & 11","1969","Launch Vehicle(s)","Launch Vehicle(s) & Support",1.265
"Pioneer 10 & 11","1969","Science","Science & Experiments",1.84
"Pioneer 10 & 11","1969","Spacecraft","Development/Implementation",2.86
"Pioneer 10 & 11","1969","Launch Vehicle(s)","Launch Vehicle(s) & Support",1.265
"Pioneer 10 & 11","1970","Launch Vehicle(s)","Launch Vehicle(s) & Support",2.1
"Pioneer 10 & 11","1970","Science","Science & Experiments",7.513
"Pioneer 10 & 11","1970","Spacecraft","Development/Implementation",13.287
"Pioneer 10 & 11","1970","Launch Vehicle(s)","Launch Vehicle(s) & Support",2.1
"Pioneer 10 & 11","1971","Ground Operations","Project Management/Ground Operations",0.857
"Pioneer Venus","1991","Operations","Operations & Data Analysis",6.2
"Pioneer 10 & 11","1971","Launch Vehicle(s)","Launch Vehicle(s) & Support",18.3
"Pioneer 10 & 11","1971","Science","Science & Experiments",8.018
"Pioneer 10 & 11","1971","Spacecraft","Development/Implementation",29.321
"Pioneer 10 & 11","1971","Launch Vehicle(s)","Launch Vehicle(s) & Support",18.3
"Pioneer 10 & 11","1972","Launch Vehicle(s)","Launch Vehicle(s) & Support",6.8
"Pioneer 10 & 11","1972","Operations","Operations & Data Analysis",2.1
"Pioneer 10 & 11","1972","Science","Science & Experiments",2.9
"Pioneer 10 & 11","1972","Spacecraft","Development/Implementation",7.164
"Pioneer 10 & 11","1972","Launch Vehicle(s)","Launch Vehicle(s) & Support",6.8
"Pioneer 10 & 11","1973","Operations","Operations & Data Analysis",2.653
"Pioneer 10 & 11","1973","Science","Science & Experiments",2.065
"Pioneer 10 & 11","1973","Spacecraft","Development/Implementation",4.19
"Pioneer 10 & 11","1974","Operations","Operations & Data Analysis",5.28
"Pioneer 10 & 11","1975","Operations","Operations & Data Analysis",4.926
"Pioneer 10 & 11","1976","Operations","Operations & Data Analysis",3.6
"Pioneer 10 & 11","1976TQ","Operations","Operations & Data Analysis",0.879
"Pioneer 10 & 11","1977","Operations","Operations & Data Analysis",2.3
"Pioneer 10 & 11","1978","Operations","Operations & Data Analysis",1.806
"Pioneer 10 & 11","1979","Operations","Operations & Data Analysis",2.825
"Pioneer 10 & 11","1980","Operations","Operations & Data Analysis",2.8
"Pioneer 10 & 11","1981","Operations","Operations & Data Analysis",2
"Pioneer 10 & 11","1982","Operations","Operations & Data Analysis",1.9
"Pioneer 10 & 11","1987","Operations","Operations & Data Analysis",3.7
"Pioneer 10 & 11","1988","Operations","Operations & Data Analysis",3.5
"Pioneer 10 & 11","1989","Operations","Operations & Data Analysis",3.7
"Pioneer 10 & 11","1990","Operations","Operations & Data Analysis",3.9
"Pioneer 10 & 11","1991","Operations","Operations & Data Analysis",4.1
"Pioneer 10 & 11","1993","Operations","Operations & Data Analysis",8.8
"Pioneer 10 & 11","1994","Operations","Operations & Data Analysis",4.5
"Pioneer 10 & 11","1995","Operations","Operations & Data Analysis",2.5
"Pioneer 10 & 11","1996","Operations","Operations & Data Analysis",2.5
"Pioneer 10 & 11","1997","Operations","Operations & Data Analysis",2.5
"Pioneer 6 - 9","1963","Spacecraft","Development/Implementation",2.614
"Pioneer 6 - 9","1964","Spacecraft","Development/Implementation",13.6
"Pioneer 6 - 9","1964","Launch Vehicle(s)","Launch Vehicle(s) & Support",4.1
"Pioneer 6 - 9","1965","Spacecraft","Development/Implementation",15
"Pioneer 6 - 9","1965","Launch Vehicle(s)","Launch Vehicle(s) & Support",3.521
"Pioneer 6 - 9","1966","Spacecraft","Development/Implementation",12.7
"Pioneer 6 - 9","1966","Launch Vehicle(s)","Launch Vehicle(s) & Support",3.999
"Pioneer 6 - 9","1967","Spacecraft","Development/Implementation",6.9
"Pioneer 6 - 9","1967","Launch Vehicle(s)","Launch Vehicle(s) & Support",1.217
"Pioneer 6 - 9","1968","Spacecraft","Development/Implementation",6
"Pioneer 6 - 9","1968","Launch Vehicle(s)","Launch Vehicle(s) & Support",2.5
"Pioneer Venus","1975","Experiments","Science & Experiments",7.5
"Pioneer Venus","1975","Ground Operations","Project Management/Ground Operations",0.3
"Pioneer Venus","1975","Launch Vehicle(s)","Launch Vehicle(s) & Support",0.4
"Pioneer Venus","1975","Project Management","Project Management/Ground Operations",0.4
"Pioneer Venus","1975","Spacecraft","Development/Implementation",18.716
"Pioneer Venus","1975","Launch Vehicle(s)","Launch Vehicle(s) & Support",0.4
"Pioneer Venus","1976","Experiments","Science & Experiments",17.7
"Pioneer Venus","1976","Ground Operations","Project Management/Ground Operations",2
"Pioneer Venus","1976","Launch Vehicle(s)","Launch Vehicle(s) & Support",6.4
"Pioneer Venus","1976","Spacecraft","Development/Implementation",36.9
"Pioneer Venus","1976","Launch Vehicle(s)","Launch Vehicle(s) & Support",6.4
"Pioneer Venus","1976TQ","Experiments","Science & Experiments",5.6
"Pioneer Venus","1976TQ","Ground Operations","Project Management/Ground Operations",1.7
"Pioneer Venus","1976TQ","Launch Vehicle(s)","Launch Vehicle(s) & Support",2.7
"Pioneer Venus","1976TQ","Spacecraft","Development/Implementation",8
"Pioneer Venus","1976TQ","Launch Vehicle(s)","Launch Vehicle(s) & Support",2.7
"Pioneer Venus","1977","Experiments","Science & Experiments",9.5
"Pioneer Venus","1977","Ground Operations","Project Management/Ground Operations",2.5
"Pioneer Venus","1977","Launch Vehicle(s)","Launch Vehicle(s) & Support",22.55
"Pioneer Venus","1977","Spacecraft","Development/Implementation",30.8
"Pioneer Venus","1977","Launch Vehicle(s)","Launch Vehicle(s) & Support",22.55
"Pioneer Venus","1978","Launch Vehicle(s)","Launch Vehicle(s) & Support",4.205
"Pioneer Venus","1978","Operations","Operations & Data Analysis",1.1
"Pioneer Venus","1978","Launch Vehicle(s)","Launch Vehicle(s) & Support",4.205
"Pioneer Venus","1979","Operations","Operations & Data Analysis",9
"Pioneer Venus","1980","Operations","Operations & Data Analysis",8.251
"Pioneer Venus","1981","Operations","Operations & Data Analysis",4.7
"Pioneer Venus","1982","Operations","Operations & Data Analysis",5.066666667
"Pioneer Venus","1983","Operations","Operations & Data Analysis",5.066666667
"Pioneer Venus","1984","Operations","Operations & Data Analysis",5.066666667
"Pioneer Venus","1985","Operations","Operations & Data Analysis",5.066666667
"Pioneer Venus","1986","Operations","Operations & Data Analysis",5.066666667
"Pioneer Venus","1987","Operations","Operations & Data Analysis",5.2
"Pioneer Venus","1988","Operations","Operations & Data Analysis",4.4
"Pioneer Venus","1989","Operations","Operations & Data Analysis",5.6
"Pioneer Venus","1990","Operations","Operations & Data Analysis",5.9
"Pioneer Venus","1992","Operations","Operations & Data Analysis",6.5
"Psyche","2016","Formulation","Formulation",3
"Psyche","2017","Formulation","Formulation",47.3
"Psyche","2018","Formulation","Formulation",42
"Psyche","2019","Formulation","Formulation",51.4
"Psyche","2019","Implementation (incl LV)","Development/Implementation (incl LV)",122.8
"Psyche","2020","Implementation (incl LV)","Development/Implementation (incl LV)",214
"Psyche","2021","Implementation (incl LV)","Development/Implementation (incl LV)",175.6
"Psyche","2022","Implementation (incl LV)","Development/Implementation (incl LV)",138.7
"Psyche","2023","Operations","Operations & Data Analysis",38.8
"Psyche","2024","Operations","Operations & Data Analysis",29
"Psyche","2025","Operations","Operations & Data Analysis",32
"Psyche","2026","Operations","Operations & Data Analysis",32
"Psyche","2027","Operations","Operations & Data Analysis",35.4
"Psyche","2028","Operations","Operations & Data Analysis",13.7
"Ranger","1960","Launch Vehicle(s)","Launch Vehicle(s) & Support",7.36
"Ranger","1960","Spacecraft","Development/Implementation",12.182
"Ranger","1961","Launch Vehicle(s)","Launch Vehicle(s) & Support",16.67
"Ranger","1961","Spacecraft","Development/Implementation",28.396
"Ranger","1962","Launch Vehicle(s)","Launch Vehicle(s) & Support",30.9
"Ranger","1962","Spacecraft","Development/Implementation",32.53
"Ranger","1963","Experiments","Science & Experiments",14.5
"Ranger","1963","Ground Operations","Project Management/Ground Operations",9.8
"Ranger","1963","Launch Vehicle(s)","Launch Vehicle(s) & Support",14.863
"Ranger","1963","Spacecraft","Development/Implementation",32.1
"Ranger","1964","Experiments","Science & Experiments",3.926
"Ranger","1964","Ground Operations","Project Management/Ground Operations",6.86
"Ranger","1964","Spacecraft","Development/Implementation",19.52
"Ranger","1965","Spacecraft","Development/Implementation",11.037
"Ranger","1966","Spacecraft","Development/Implementation",1
"Stardust","1996","Development","Development/Implementation",13.5
"Stardust","1996","Formulation","Formulation",9.6
"Stardust","1996","Launch Support","Launch Vehicle(s) & Support",4.6
"Stardust","1997","Development","Development/Implementation",52.2
"Stardust","1997","Launch Support","Launch Vehicle(s) & Support",11.5
"Stardust","1998","Development","Development/Implementation",42.3
"Stardust","1998","Launch Support","Launch Vehicle(s) & Support",12.2
"Stardust","1999","Development","Development/Implementation",8.8
"Stardust","1999","Launch Support","Launch Vehicle(s) & Support",12.5
"Stardust","1999","Operations & Data Analysis","Operations & Data Analysis",3.5
"Stardust","2000","Operations & Data Analysis","Operations & Data Analysis",4.3
"Stardust","2001","Operations & Data Analysis","Operations & Data Analysis",4.6
"Stardust","2002","Operations & Data Analysis","Operations & Data Analysis",4.3
"Stardust","2003","Operations & Data Analysis","Operations & Data Analysis",5.6
"Stardust","2004","Operations & Data Analysis","Operations & Data Analysis",6.8
"Stardust","2005","Operations & Data Analysis","Operations & Data Analysis",5.6
"Stardust","2006","Operations & Data Analysis","Operations & Data Analysis",6.6
"Stardust","2007","Operations & Data Analysis","Operations & Data Analysis",5.8
"Stardust","2008","Operations & Data Analysis","Operations & Data Analysis",5.8
"Stardust","2009","Operations & Data Analysis","Operations & Data Analysis",5.8
"Stardust","2010","Operations & Data Analysis","Operations & Data Analysis",5.8
"Stardust","2011","Operations & Data Analysis","Operations & Data Analysis",5.8
"Surveyor 1 - 7","1961","Spacecraft","Development/Implementation",7.054
"Surveyor 1 - 7","1962","Spacecraft","Development/Implementation",36.825
"Surveyor 1 - 7","1963","Experiments","Science & Experiments",4.021
"Surveyor 1 - 7","1963","Ground Operations","Project Management/Ground Operations",3.079
"Surveyor 1 - 7","1963","Launch Vehicle(s)","Launch Vehicle(s) & Support",13.9
"Surveyor 1 - 7","1963","Spacecraft","Development/Implementation",45.386
"Surveyor 1 - 7","1964","Experiments","Science & Experiments",3.6
"Surveyor 1 - 7","1964","Ground Operations","Project Management/Ground Operations",5.2
"Surveyor 1 - 7","1964","Launch Vehicle(s)","Launch Vehicle(s) & Support",32
"Surveyor 1 - 7","1964","Spacecraft","Development/Implementation",61.904
"Surveyor 1 - 7","1965","Experiments","Science & Experiments",2.523
"Surveyor 1 - 7","1965","Ground Operations","Project Management/Ground Operations",4.812
"Surveyor 1 - 7","1965","Launch Vehicle(s)","Launch Vehicle(s) & Support",40.064
"Surveyor 1 - 7","1965","Spacecraft","Development/Implementation",74.479
"Surveyor 1 - 7","1966","Experiments","Science & Experiments",1.98
"Surveyor 1 - 7","1966","Ground Operations","Project Management/Ground Operations",2.763
"Surveyor 1 - 7","1966","Launch Vehicle(s)","Launch Vehicle(s) & Support",15
"Surveyor 1 - 7","1966","Spacecraft","Development/Implementation",99.891
"Surveyor 1 - 7","1967","Launch Vehicle(s)","Launch Vehicle(s) & Support",7.6
"Surveyor 1 - 7","1967","Spacecraft","Development/Implementation",79.942
"Surveyor 1 - 7","1968","Spacecraft","Development/Implementation",33
"Viking","1969","Spacecraft","Development/Implementation",12.427
"Viking","1970","Launch Vehicle(s)","Launch Vehicle(s) & Support",0.2
"Viking","1970","Project Management","Project Management/Ground Operations",1.6
"Viking","1970","Spacecraft","Development/Implementation",38.4
"Viking","1971","Launch Vehicle(s)","Launch Vehicle(s) & Support",6.1
"Viking","1971","Project Management","Project Management/Ground Operations",2
"Viking","1971","Science","Science & Experiments",7.9
"Viking","1971","Spacecraft","Development/Implementation",25.1
"Viking","1972","Launch Vehicle(s)","Launch Vehicle(s) & Support",10.1
"Viking","1972","Project Management","Project Management/Ground Operations",11
"Viking","1972","Science","Science & Experiments",45
"Viking","1972","Spacecraft","Development/Implementation",120.2
"Viking","1973","Launch Vehicle(s)","Launch Vehicle(s) & Support",33
"Viking","1973","Project Management","Project Management/Ground Operations",12.509
"Viking","1973","Science","Science & Experiments",51.44
"Viking","1973","Spacecraft","Development/Implementation",168.3
"Viking","1974","Launch Vehicle(s)","Launch Vehicle(s) & Support",23
"Viking","1974","Project Management","Project Management/Ground Operations",14.275
"Viking","1974","Science","Science & Experiments",77.82
"Viking","1974","Spacecraft","Development/Implementation",198.342
"Viking","1975","Launch Vehicle(s)","Launch Vehicle(s) & Support",6.2
"Viking","1975","Project Management","Project Management/Ground Operations",6.8
"Viking","1975","Spacecraft","Development/Implementation",82.216
"Viking","1976","Operations","Operations & Data Analysis",39.5
"Viking","1976TQ","Operations","Operations & Data Analysis",11.6
"Viking","1977","Operations","Operations & Data Analysis",25.4
"Viking","1978","Operations","Operations & Data Analysis",20
"Viking","1979","Operations","Operations & Data Analysis",5
"Viking","1980","Operations","Operations & Data Analysis",2.45
"VIPER","2019","Formulation","Formulation",39.7
"VIPER","2020","Formulation","Formulation",40.4
"VIPER","2020","Implementation","Development/Implementation",14.5
"VIPER","2021","Implementation","Development/Implementation",99.1
"VIPER","2022","Implementation","Development/Implementation",112.2
"VIPER","2023","Implementation","Development/Implementation",97
"VIPER","2024","Implementation","Development/Implementation",13.5
"VIPER","2024","Operations","Operations & Data Analysis",17.2
"Voyager","1972","Experiments","Science & Experiments",1.6
"Voyager","1972","Project Management","Project Management/Ground Operations",1.465
"Voyager","1972","Spacecraft","Development/Implementation",6.1
"Voyager","1973","Experiments","Science & Experiments",1.3
"Voyager","1973","Ground Operations","Project Management/Ground Operations",0.065
"Voyager","1973","Project Management","Project Management/Ground Operations",1.385
"Voyager","1973","Spacecraft","Development/Implementation",3.314
"Voyager","1974","Experiments","Science & Experiments",11.372
"Voyager","1974","Ground Operations","Project Management/Ground Operations",0.405
"Voyager","1974","Launch Vehicle(s)","Launch Vehicle(s) & Support",19.2
"Voyager","1974","Project Management","Project Management/Ground Operations",2.497
"Voyager","1974","Spacecraft","Development/Implementation",13.116
"Voyager","1975","Experiments","Science & Experiments",14.165
"Voyager","1975","Ground Operations","Project Management/Ground Operations",1.06
"Voyager","1975","Launch Vehicle(s)","Launch Vehicle(s) & Support",7.2
"Voyager","1975","Project Management","Project Management/Ground Operations",3.517
"Voyager","1975","Spacecraft","Development/Implementation",51.019
"Voyager","1976","Experiments","Science & Experiments",18.7
"Voyager","1976","Ground Operations","Project Management/Ground Operations",5.3
"Voyager","1976","Launch Vehicle(s)","Launch Vehicle(s) & Support",30.2
"Voyager","1976","Spacecraft","Development/Implementation",58.4
"Voyager","1976TQ","Experiments","Science & Experiments",4.2
"Voyager","1976TQ","Ground Operations","Project Management/Ground Operations",3.4
"Voyager","1976TQ","Launch Vehicle(s)","Launch Vehicle(s) & Support",1.9
"Voyager","1976TQ","Spacecraft","Development/Implementation",16
"Voyager","1977","Experiments","Science & Experiments",13.3
"Voyager","1977","Ground Operations","Project Management/Ground Operations",7.9
"Voyager","1977","Launch Vehicle(s)","Launch Vehicle(s) & Support",9.467
"Voyager","1977","Spacecraft","Development/Implementation",29.1
"Voyager","1978","Operations","Operations & Data Analysis",16.025
"Voyager","1979","Operations","Operations & Data Analysis",16.742
"Voyager","1980","Operations","Operations & Data Analysis",19
"Voyager","1981","Operations","Operations & Data Analysis",28.966
"Voyager","1982","Operations","Operations & Data Analysis",17.2
"Voyager","1983","Operations","Operations & Data Analysis",17.4
"Voyager","1984","Operations","Operations & Data Analysis",19.1
"Voyager","1985","Operations","Operations & Data Analysis",26.036
"Voyager","1986","Operations","Operations & Data Analysis",30.8
"Voyager","1987","Operations","Operations & Data Analysis",28.905
"Voyager","1988","Operations","Operations & Data Analysis",24.62
"Voyager","1989","Operations","Operations & Data Analysis",42.4
"Voyager","1990","Operations","Operations & Data Analysis",25.492
"Voyager","1991","Operations","Operations & Data Analysis",17.577
"Voyager","1992","Operations","Operations & Data Analysis",4.3
"Voyager","1993","Operations","Operations & Data Analysis",5.01
"Voyager","1994","Operations","Operations & Data Analysis",17
"Voyager","1995","Operations","Operations & Data Analysis",4.3
"Voyager","1996","Operations","Operations & Data Analysis",8
"Voyager","1997","Operations","Operations & Data Analysis",8
"Voyager","1998","Operations","Operations & Data Analysis",8
"Voyager","2002","Operations","Operations & Data Analysis",1.8
"Voyager","2003","Operations","Operations & Data Analysis",0.8
"Voyager","2004","Operations","Operations & Data Analysis",2
"Voyager","2011","Operations","Operations & Data Analysis",4.4
"Voyager","2012","Operations","Operations & Data Analysis",5.3
"Voyager","2013","Operations","Operations & Data Analysis",5.3
"Voyager","2014","Operations","Operations & Data Analysis",5.4
"Voyager","2015","Operations","Operations & Data Analysis",5.5
"Voyager","2016","Operations","Operations & Data Analysis",5.7
"Voyager","2017","Operations","Operations & Data Analysis",5.6
"Voyager","2018","Operations","Operations & Data Analysis",5.6
"Voyager","2019","Operations","Operations & Data Analysis",5.8
"Voyager","2020","Operations","Operations & Data Analysis",6.7
"Voyager","2021","Operations","Operations & Data Analysis",6.5
"Voyager","2022","Operations","Operations & Data Analysis",5.6
"Voyager","2023","Operations","Operations & Data Analysis",5.1